asset_id,record_id,sample_id,condition_id,dataset_id,file_name,declared_digest,member_path
REC0004-A001,REC0004,SS01,C03,22741,MCPC0001_22741_10X_Nugget-Region-Etched.jpg,f0a7876deb,34823_77c13581b3135a37bf810886935fa724.tar/SS01_22741/DATA/MCPC0001_22741_10X_Nugget-Region-Etched.jpg
REC0009-A001,REC0009,SS02,C05,22742,MCPC0006_22742_10X_Nugget-Region-Etched.jpg,1aa04623ff,34823_77c13581b3135a37bf810886935fa724.tar/SS02_22742/DATA/MCPC0006_22742_10X_Nugget-Region-Etched.jpg
REC0014-A001,REC0014,SS03,C06,22743,MCPC0011_22743_10X_Nugget-Region-Etched.jpg,ceb53d4b9c,34823_77c13581b3135a37bf810886935fa724.tar/SS03_22743/DATA/MCPC0011_22743_10X_Nugget-Region-Etched.jpg
REC0019-A001,REC0019,SS04,C07,22744,MCPC0016_22744_10X_Nugget-Region-Etched.jpg,a2ef481987,34823_77c13581b3135a37bf810886935fa724.tar/SS04_22744/DATA/MCPC0016_22744_10X_Nugget-Region-Etched.jpg
REC0024-A001,REC0024,SS05,C08,22745,MCPC0021_22745_10X_Nugget-Region-Etched.jpg,e2b04a2675,34823_77c13581b3135a37bf810886935fa724.tar/SS05_22745/DATA/MCPC0021_22745_10X_Nugget-Region-Etched.jpg
REC0029-A001,REC0029,SS06,C09,22746,MCPC0026_22746_10X_Nugget-Region-Etched.jpg,b9e607d89d,34823_77c13581b3135a37bf810886935fa724.tar/SS06_22746/DATA/MCPC0026_22746_10X_Nugget-Region-Etched.jpg
REC0034-A001,REC0034,SS07,C10,22747,MCPC0031_22747_10X_Nugget-Region-Etched.jpg,24316e276c,34823_77c13581b3135a37bf810886935fa724.tar/SS07_22747/DATA/MCPC0031_22747_10X_Nugget-Region-Etched.jpg
REC0040-A001,REC0040,SS08,C11,22748,MCPC0036_22748_10X_Nugget-Region-Etched.jpg,f5910476a2,34823_77c13581b3135a37bf810886935fa724.tar/SS08_22748/DATA/MCPC0036_22748_10X_Nugget-Region-Etched.jpg
REC0051-A001,REC0051,SS31,C01,22780,MCPC0151_22780_10X_Nugget-Region-Etched.jpg,497248a097,34823_77c13581b3135a37bf810886935fa724.tar/SS31_22780/DATA/MCPC0151_22780_10X_Nugget-Region-Etched.jpg
