sample_id,binding_points,projected_in_image,projected_metadata_safe,overlay_path,overlay_sha256,review_status,review_note
SS01,1062,877,877,F:\rookie\Noname\data\derived\pnnl_gate_a\qa_overlays\SS01_alignment_overlay.jpg,8fb5ef5c4861455476d918e82aeb88a477e7a70f76ad094db1ad9567a7e4151a,pending_manual_review,
SS02,8696,2742,2742,F:\rookie\Noname\data\derived\pnnl_gate_a\qa_overlays\SS02_alignment_overlay.jpg,dc3247ddc82f00953f17049b0d7330d69672ed09814f014c493ae1bfbd042ea5,pending_manual_review,
SS03,502,406,406,F:\rookie\Noname\data\derived\pnnl_gate_a\qa_overlays\SS03_alignment_overlay.jpg,6a774875e20c79eb7d4dc4a00e8b012cedfd3afb80680d3ae6a0035e92e59dd8,pending_manual_review,
SS04,489,415,415,F:\rookie\Noname\data\derived\pnnl_gate_a\qa_overlays\SS04_alignment_overlay.jpg,3049ad42ffeb4d3417b4b825f1500270b712d13c767cd04e1f2d4fa6f3514c0b,pending_manual_review,
SS05,8690,3331,3331,F:\rookie\Noname\data\derived\pnnl_gate_a\qa_overlays\SS05_alignment_overlay.jpg,4495821b8eb131fb4a693d4b86e441cc40631942c1b833be6153ee16813769a9,pending_manual_review,
SS06,520,445,445,F:\rookie\Noname\data\derived\pnnl_gate_a\qa_overlays\SS06_alignment_overlay.jpg,64f925785175459ff99ceb68ce3ffbee3f027331d1eb632dce9714c41b6fc892,pending_manual_review,
SS07,545,451,451,F:\rookie\Noname\data\derived\pnnl_gate_a\qa_overlays\SS07_alignment_overlay.jpg,8da3bfad16b23259ea91eaa9e837fd2148826c7332b10813f3d2200b01175e4a,pending_manual_review,
SS08,521,443,443,F:\rookie\Noname\data\derived\pnnl_gate_a\qa_overlays\SS08_alignment_overlay.jpg,65a1d87467bc01b463955b989624330f851c736e9af22d944cbf6b63d72e1c54,pending_manual_review,
SS31,488,414,414,F:\rookie\Noname\data\derived\pnnl_gate_a\qa_overlays\SS31_alignment_overlay.jpg,3ba6fc02a8dbda259961d217b3a9258d34ae0dc19d651a9fa30a3079d23609fd,pending_manual_review,
