sample_id,condition_id,asset_id,source_member_path,byte_size,width_px,height_px,sha256
SS01,C03,REC0004-A001,34823_77c13581b3135a37bf810886935fa724.tar/SS01_22741/DATA/MCPC0001_22741_10X_Nugget-Region-Etched.jpg,97116445,32884,12819,6e34279c0a580f80c1b5194e469d41856b80746bf67759ada035c287a74655f5
SS02,C05,REC0009-A001,34823_77c13581b3135a37bf810886935fa724.tar/SS02_22742/DATA/MCPC0006_22742_10X_Nugget-Region-Etched.jpg,111616304,34566,12408,f5f2e46b9855a0478d2b6b3c2de09e852acdee9e6905b4ba4cc916c8d56ab4b5
SS03,C06,REC0014-A001,34823_77c13581b3135a37bf810886935fa724.tar/SS03_22743/DATA/MCPC0011_22743_10X_Nugget-Region-Etched.jpg,69231057,36338,11687,922d22d2f66f9b664866e080451b3f40fa36cf0a4813101b3dd22b33a4baec83
SS04,C07,REC0019-A001,34823_77c13581b3135a37bf810886935fa724.tar/SS04_22744/DATA/MCPC0016_22744_10X_Nugget-Region-Etched.jpg,99100029,38051,12738,d8df73202dfaebd7d964c9ea2dd49eae48701d78ff3d336557936bdbdd92d646
SS05,C08,REC0024-A001,34823_77c13581b3135a37bf810886935fa724.tar/SS05_22745/DATA/MCPC0021_22745_10X_Nugget-Region-Etched.jpg,93232401,34660,13523,3d3429c2a88d6fd465f6f87247502c22b07af67fb13943a9d70194bef2c10619
SS06,C09,REC0029-A001,34823_77c13581b3135a37bf810886935fa724.tar/SS06_22746/DATA/MCPC0026_22746_10X_Nugget-Region-Etched.jpg,73582102,34597,12782,66c1213d40dc8ed2f4dc2fab02515f0cdeb99c6ed9468f137b01c5e1c2d6506a
SS07,C10,REC0034-A001,34823_77c13581b3135a37bf810886935fa724.tar/SS07_22747/DATA/MCPC0031_22747_10X_Nugget-Region-Etched.jpg,69348854,34518,12785,2a420325953a1f8d80c758031be7836f4cfcd9e596fc3bf263e096c80b726c0e
SS08,C11,REC0040-A001,34823_77c13581b3135a37bf810886935fa724.tar/SS08_22748/DATA/MCPC0036_22748_10X_Nugget-Region-Etched.jpg,63887154,34562,12832,e2d5c4003c074e7cd648d3dbe448a1eaf2263d19633fdf1613bc1729960698dd
SS31,C01,REC0051-A001,34823_77c13581b3135a37bf810886935fa724.tar/SS31_22780/DATA/MCPC0151_22780_10X_Nugget-Region-Etched.jpg,95688926,32811,12272,8952bd4c95bce5d302c0b1399516d9a58ba5b308827080b914fba62af6dd68e0
