outer_fold,test_sample,train_samples,overlap_count,status
test_SS01,SS01,SS02|SS03|SS04|SS05|SS06|SS07|SS08|SS31,0,frozen
test_SS02,SS02,SS01|SS03|SS04|SS05|SS06|SS07|SS08|SS31,0,frozen
test_SS03,SS03,SS01|SS02|SS04|SS05|SS06|SS07|SS08|SS31,0,frozen
test_SS04,SS04,SS01|SS02|SS03|SS05|SS06|SS07|SS08|SS31,0,frozen
test_SS05,SS05,SS01|SS02|SS03|SS04|SS06|SS07|SS08|SS31,0,frozen
test_SS06,SS06,SS01|SS02|SS03|SS04|SS05|SS07|SS08|SS31,0,frozen
test_SS07,SS07,SS01|SS02|SS03|SS04|SS05|SS06|SS08|SS31,0,frozen
test_SS08,SS08,SS01|SS02|SS03|SS04|SS05|SS06|SS07|SS31,0,frozen
test_SS31,SS31,SS01|SS02|SS03|SS04|SS05|SS06|SS07|SS08,0,frozen
